Timestamp,RPM_Kanan,RPM_Kiri,Position_Kanan (deg),Position_Kiri (deg),Distance_Kanan (cm),Distance_Kiri (cm),Current_Kanan,Current_Kiri,Speed_Kanan,Speed_Kiri,Angular_Velocity (deg/s),JARAK KANAN,JARAK KIRI
15:41:50,0,0,223.05882352941177,331.7647058823529,0.0,0.0,0.18652912991729487,0.22730185857722685,0.0,0.0,0.0,117,118
15:41:50,1,1,220.23529411764707,334.5882352941176,0.01719823658891936,0.01719823658891936,0.2873622852259903,0.67726676229133,0.5235983333333334,0.5235983333333334,-2.4000000000000004,
15:41:50,3,3,217.41176470588235,338.8235294117647,0.08476666979775678,0.08476666979775678,0.8218024231696521,0.8169194616534927,1.570795,1.570795,-7.199999999999999,
15:41:50,6,7,211.76470588235293,344.47058823529414,0.2393676651611961,0.2792622760213954,0.5410321359904788,0.612323374126408,3.14159,3.665188333333333,-15.599999999999998,
15:41:50,11,12,207.52941176470588,348.70588235294116,0.5747277234575372,0.6269756983173135,0.443861201818903,0.1391644032105468,5.759581666666667,6.28318,-27.6,
15:41:50,15,17,206.11764705882354,351.52941176470586,0.9570882889688979,1.0847000608314175,0.3906369212927636,0.0869167149876402,7.853975,8.901171666666666,-38.400000000000006,
15:41:50,17,20,201.88235294117646,354.3529411764706,1.2917149376681665,1.519664632550784,0.28662984099856637,0.07031464583269731,8.901171666666666,10.471966666666667,-44.400000000000006,
15:41:50,18,21,199.05882352941177,357.1764705882353,1.5924046333133113,1.8578054055321962,0.1645558030945775,0.06689657277138572,9.424769999999999,10.995565,-46.8,
15:41:50,19,21,196.23529411764707,0.0,1.9036240934016009,2.1040055769175585,0.08154545731986396,0.04199346903897272,9.948368333333333,10.995565,-48.0,
15:41:50,20,21,193.41176470588235,2.823529411764706,2.242627980247551,2.3547593792599284,0.07568590350047266,0.04931791131321184,10.471966666666667,10.995565,-49.2,
15:41:50,20,21,190.58823529411765,4.235294117647059,2.4694843642789066,2.592958582492852,0.07690664387951252,0.039796136356700096,10.471966666666667,10.995565,-49.2,
15:41:51,20,21,187.76470588235293,7.0588235294117645,2.687467428453255,2.821840799875918,0.11694692831202147,0.06567583239234587,10.471966666666667,10.995565,-49.2,
15:41:51,20,21,186.35294117647058,9.882352941176471,2.914248911078953,3.0599613566329005,0.20728171636097237,0.11890011291848523,10.471966666666667,10.995565,-49.2,
15:41:51,19,20,183.52941176470588,11.294117647058824,2.9949511809343283,3.1525801904571873,0.22876674703207556,0.12353892635883668,9.948368333333333,10.471966666666667,-46.800000000000004,
15:41:51,19,20,180.7058823529412,14.117647058823529,3.223076020270511,3.392711600284747,0.1904354991302224,0.1845759453108311,9.948368333333333,10.471966666666667,-46.800000000000004,
15:41:51,19,20,177.88235294117646,16.941176470588236,3.440109958799489,3.6211683776836736,0.14014099551377868,0.24390392773216973,9.948368333333333,10.471966666666667,-46.800000000000004,
15:41:51,20,20,175.05882352941177,19.764705882352942,3.85882304769746,3.85882304769746,0.10986663411359032,0.3527939695425273,10.471966666666667,10.471966666666667,-48.0,
15:41:51,20,20,172.23529411764707,21.176470588235293,4.1028593174733485,4.1028593174733485,0.07519760734885672,0.3486434522537918,10.471966666666667,10.471966666666667,-48.0,
15:41:51,20,19,169.41176470588235,24.0,4.34758967360834,4.130210189927923,0.1638233588671536,0.32740256965849746,10.471966666666667,9.948368333333333,-46.800000000000004,
15:41:51,20,19,166.58823529411765,26.823529411764707,4.58646523653436,4.357141974707642,0.22559282204657194,0.27271340067751115,10.471966666666667,9.948368333333333,-46.800000000000004,
15:41:51,19,20,163.76470588235293,29.647058823529413,4.572494251843913,4.8131518440462235,0.1491744743186736,0.18897061067537457,9.948368333333333,10.471966666666667,-46.800000000000004,
15:41:51,19,20,160.94117647058823,33.88235294117647,4.805009437072766,5.057904670602912,0.11181981872005409,0.08203375347148079,9.948368333333333,10.471966666666667,-46.800000000000004,
15:41:51,20,21,158.11764705882354,36.705882352941174,5.280182082035012,5.544191186136763,0.08130130924405599,0.08252204962309673,10.471966666666667,10.995565,-49.2,
15:41:51,20,21,155.2941176470588,39.529411764705884,5.503295892496967,5.7784606871218145,0.06494338816492196,0.08227790154728876,10.471966666666667,10.995565,-49.2,
15:41:51,20,21,152.47058823529412,40.94117647058823,5.7371480678168245,6.0240054712076665,0.06591998046815384,0.07300027466658499,10.471966666666667,10.995565,-49.2,
15:41:51,20,21,151.05882352941177,43.76470588235294,5.979613904787408,6.2785946000267785,0.1481978820154417,0.1540574358348339,10.471966666666667,10.995565,-49.2,
15:41:51,20,21,148.23529411764707,46.588235294117645,6.202617859854396,6.512748752847116,0.13647877437665912,0.22315134128849134,10.471966666666667,10.995565,-49.2,
15:41:51,19,20,145.41176470588235,49.411764705882355,6.137852986259356,6.460897880273006,0.10864589373455047,0.1838435010834072,9.948368333333333,10.471966666666667,-46.800000000000004,
15:41:51,19,20,142.58823529411765,52.23529411764706,6.338283779867372,6.671877663018286,0.10058900723288744,0.16455580309457662,9.948368333333333,10.471966666666667,-46.800000000000004,
15:41:51,20,20,139.76470588235293,53.64705882352941,6.884352977163215,6.884352977163215,0.07007049775688934,0.12720114749595623,10.471966666666667,10.471966666666667,-48.0,
15:41:51,20,21,136.94117647058823,56.470588235294116,7.104985054384351,7.460234307103568,0.04272591326639663,0.07715079195532049,10.471966666666667,10.995565,-49.2,
15:41:51,20,21,135.52941176470588,59.294117647058826,7.338030791236619,7.70493233079845,0.04589983825190025,0.09399700918607135,10.471966666666667,10.995565,-49.2,
15:41:51,20,21,132.7058823529412,62.11764705882353,7.560547887166827,7.938575281525169,0.112552262947478,0.16504409924619257,10.471966666666667,10.995565,-49.2,
15:41:51,20,21,129.88235294117646,64.94117647058823,7.804157218930463,8.194365079876986,0.10620441297647076,0.1647999511703846,10.471966666666667,10.995565,-49.2,
15:41:51,19,20,127.05882352941177,67.76470588235294,7.636125527682726,8.038026871244973,0.09106723227637481,0.09814752647480685,9.948368333333333,10.471966666666667,-46.800000000000004,
15:41:51,19,21,124.23529411764706,70.58823529411765,7.868372690714999,8.696622447632368,0.08716086306344728,0.08545182653279237,9.948368333333333,10.995565,-48.0,
15:41:51,20,21,121.41176470588235,73.41176470588235,8.525487715983875,8.95176210178307,0.0571306497390669,0.040040284432508066,10.471966666666667,10.995565,-49.2,
15:41:51,20,21,118.58823529411765,76.23529411764706,8.757087855706935,9.194942248492282,0.05786309396649081,0.043458357493819655,10.471966666666667,10.995565,-49.2,
15:41:51,20,21,115.76470588235294,77.6470588235294,8.994183261891804,9.443892424986394,0.0737327188940089,0.09204382457960758,10.471966666666667,10.995565,-49.2,
15:41:51,20,21,114.3529411764706,80.47058823529412,9.238609018977117,9.700539469925975,0.13452558977019535,0.16992706076235198,10.471966666666667,10.995565,-49.2,
15:41:51,19,20,111.52941176470588,83.29411764705883,8.988539440975439,9.461620464184673,0.12768944364757218,0.19019135105441443,9.948368333333333,10.471966666666667,-46.800000000000004,
15:41:51,19,20,108.70588235294117,86.11764705882354,9.209275880821794,9.69397461139136,0.08642841883602337,0.1250038148136845,9.948368333333333,10.471966666666667,-46.800000000000004,
15:41:51,19,20,105.88235294117646,88.94117647058823,9.44025646108438,9.937112064299347,0.0695822016052734,0.0810571611682489,9.948368333333333,10.471966666666667,-46.800000000000004,
15:41:51,20,21,103.05882352941177,91.76470588235294,10.180648991370846,10.68968144093939,0.05420087282937125,0.060548722800378485,10.471966666666667,10.995565,-49.2,
15:41:51,20,21,100.23529411764706,94.58823529411765,10.412436384608053,10.933058203838456,0.01611377300332606,0.07055879390850528,10.471966666666667,10.995565,-49.2,
15:41:51,20,21,97.41176470588235,97.41176470588235,10.635445333102085,11.16721759975719,0.07446516312143281,0.11011078218939829,10.471966666666667,10.995565,-49.2,
15:41:51,20,20,94.58823529411765,98.82352941176471,10.88237279713639,10.88237279713639,0.1499069185460975,0.19775994140446151,10.471966666666667,10.471966666666667,-48.0,
15:41:51,19,20,91.76470588235294,101.6470588235294,10.559180347353594,11.114926681424835,0.11133152256843815,0.15918454542680127,9.948368333333333,10.471966666666667,-46.800000000000004,
15:41:51,19,20,88.94117647058823,105.88235294117646,10.779186248823425,11.346511840866762,0.11206396679586206,0.0852076784569844,9.948368333333333,10.471966666666667,-46.800000000000004,
15:41:51,19,21,86.11764705882354,108.70588235294117,11.083469713912063,12.250150736429122,0.052491836298715455,0.04077272865993198,9.948368333333333,10.995565,-48.0,
15:41:51,20,21,83.29411764705883,111.52941176470588,11.908931515675146,12.504378091458907,0.04760887478255604,0.022949919125950125,10.471966666666667,10.995565,-49.2,
15:41:51,20,21,80.47058823529412,114.3529411764706,12.16368367988724,12.771867863881607,0.06176946317941834,0.06299020355845819,10.471966666666667,10.995565,-49.2,
15:41:51,20,21,77.6470588235294,117.17647058823529,12.398978955622786,13.01892790340393,0.12866603595080406,0.15918454542680127,10.471966666666667,10.995565,-49.2,
15:41:51,19,20,74.82352941176471,118.58823529411765,11.988801256406628,12.619790796217503,0.14673299356059388,0.20508438367870152,9.948368333333333,10.471966666666667,-46.800000000000004,
15:41:51,19,20,72.0,121.41176470588235,12.210031046844922,12.852664259836757,0.13794366283150694,0.18091372417371154,9.948368333333333,10.471966666666667,-46.800000000000004,
15:41:52,19,20,69.17647058823529,124.23529411764706,12.431284556061668,13.085562690591232,0.11719107638782944,0.1284218878749961,9.948368333333333,10.471966666666667,-46.800000000000004,
15:41:52,19,20,66.3529411764706,128.47058823529412,12.665270305554952,13.331863479531528,0.07568590350047266,0.05029450361644372,9.948368333333333,10.471966666666667,-46.800000000000004,
15:41:52,20,21,63.529411764705884,131.2941176470588,13.555084648674926,14.232838881108673,0.03540147099215751,0.056154057435835014,10.471966666666667,10.995565,-49.2,
15:41:52,20,21,62.11764705882353,132.7058823529412,13.77722474086332,14.466085977906488,0.040284432508316925,0.09082308420056773,10.471966666666667,10.995565,-49.2,
15:41:52,20,21,59.294117647058826,135.52941176470588,14.022302140177862,14.723417247186754,0.12451551866206856,0.15576647236548968,10.471966666666667,10.995565,-49.2,
15:41:52,19,20,56.470588235294116,136.94117647058823,13.542011232495618,14.254748665784861,0.11548203985717365,0.17578661458174416,9.948368333333333,10.471966666666667,-46.800000000000004,
15:41:52,19,20,53.64705882352941,141.1764705882353,13.752311409820225,14.476117273494973,0.10327463606677512,0.09619434186834308,9.948368333333333,10.471966666666667,-46.800000000000004,
15:41:52,19,20,50.8235294117647,144.0,13.993308430225845,14.729798347606152,0.10547196874904685,0.05493331705679516,9.948368333333333,10.471966666666667,-46.800000000000004,
15:41:52,20,21,48.0,146.8235294117647,14.961837908909075,15.70992980435453,0.09106723227637481,0.048585467085787926,10.471966666666667,10.995565,-49.2,
15:41:52,20,21,45.1764705882353,149.64705882352942,15.20234632247845,15.962463638602376,0.06445509201330601,0.05786309396649081,10.471966666666667,10.995565,-49.2,
15:41:52,20,21,43.76470588235294,151.05882352941177,15.442292975505387,16.214407624280657,0.14673299356059388,0.12060914944914103,10.471966666666667,10.995565,-49.2,
15:41:52,19,20,40.94117647058823,153.88235294117646,14.89133933271088,15.675094034432501,0.2004455702383492,0.2226630451368754,9.948368333333333,10.471966666666667,-46.800000000000004,
15:41:52,19,20,38.11764705882353,156.7058823529412,15.132111024721143,15.928537920759098,0.12793359172338015,0.2102114932706689,9.948368333333333,10.471966666666667,-46.800000000000004,
15:41:52,19,20,35.294117647058826,159.52941176470588,15.332390018147024,16.13935791383897,0.10864589373455047,0.13013092440565188,9.948368333333333,10.471966666666667,-46.800000000000004,
15:41:52,19,20,32.470588235294116,162.35294117647058,15.559143912088306,16.37804622325085,0.05444502090517922,0.10425122837000611,9.948368333333333,10.471966666666667,-46.800000000000004,
15:41:52,20,21,29.647058823529413,165.1764705882353,16.618020340126524,17.448921357132853,0.011230811487166648,0.0554216132084111,10.471966666666667,10.995565,-49.2,
15:41:52,20,21,26.823529411764707,168.0,16.850614171831317,17.69314488042289,0.025391399884028942,0.0380870998260443,10.471966666666667,10.995565,-49.2,
15:41:52,20,21,24.0,170.8235294117647,17.0837522870839,17.937939901438096,0.12549211096530044,0.11865596484267726,10.471966666666667,10.995565,-49.2,
15:41:52,19,21,21.176470588235293,172.23529411764707,16.462615902351722,18.195522839441377,0.13306070131534753,0.16870632038331212,9.948368333333333,10.995565,-48.0,
15:41:52,19,20,18.352941176470587,175.05882352941177,16.697040449246487,17.575832051838404,0.13550218207342724,0.11963255714590915,9.948368333333333,10.471966666666667,-46.800000000000004,
15:41:52,19,20,15.529411764705882,179.2941176470588,16.927741147923264,17.818674892550803,0.09961241492965556,0.12060914944914103,9.948368333333333,10.471966666666667,-46.800000000000004,
15:41:52,19,20,12.705882352941176,182.11764705882354,17.150486568305055,18.053143756110583,0.05517746513260313,0.05883968626972269,9.948368333333333,10.471966666666667,-46.800000000000004,
15:41:52,20,21,9.882352941176471,184.94117647058823,18.307007090308865,19.222357444824308,0.0388195440534691,0.04248176519058777,10.471966666666667,10.995565,-49.2,
15:41:52,20,21,7.0588235294117645,186.35294117647058,18.536227862045507,19.463039255147784,0.06176946317941834,0.09009063997314382,10.471966666666667,10.995565,-49.2,
15:41:52,20,21,5.647058823529412,189.1764705882353,18.77121853873137,19.709779465667943,0.16406750694296157,0.15088351084933027,10.471966666666667,10.995565,-49.2,
15:41:52,19,20,2.823529411764706,192.0,18.058913411388456,19.009382538303637,0.1630909146397297,0.1987365337076934,9.948368333333333,10.471966666666667,-46.800000000000004,
15:41:52,19,20,0.0,194.8235294117647,18.285150235959343,19.24752656416773,0.12451551866206856,0.15112765892513824,9.948368333333333,10.471966666666667,-46.800000000000004,
15:41:52,19,20,358.5882352941176,197.64705882352942,18.515243733907578,19.489730246218507,0.0886257515182951,0.10547196874904596,9.948368333333333,10.471966666666667,-46.800000000000004,
15:41:52,19,21,355.7647058823529,200.47058823529412,18.742794578805068,20.715720323942442,0.036378063295389396,0.0778832361827444,9.948368333333333,10.995565,-48.0,
15:41:52,20,21,352.94117647058823,203.2941176470588,19.963346814478196,20.961514155202106,-0.002441480758079706,0.07104709006012122,10.471966666666667,10.995565,-49.2,
15:41:52,20,21,350.11764705882354,206.11764705882354,20.192220543035287,21.201831570187053,0.08154545731986396,0.09057893612475976,10.471966666666667,10.995565,-49.2,
15:41:52,20,21,347.29411764705884,207.52941176470588,20.441906875511346,21.464002219286918,0.1572313608203384,0.1728568376720485,10.471966666666667,10.995565,-49.2,
15:41:52,19,20,344.47058823529414,210.35294117647058,19.635858769080887,20.669325020085143,0.12598040711691638,0.15698721274452954,9.948368333333333,10.471966666666667,-46.800000000000004,
15:41:52,19,20,341.6470588235294,213.1764705882353,19.86377725504448,20.90923921583629,0.11767937253944538,0.10473952452162205,9.948368333333333,10.471966666666667,-46.800000000000004,
15:41:52,19,20,338.8235294117647,217.41176470588235,20.097971729788195,21.155759715566525,0.07641834772789657,0.06494338816492196,9.948368333333333,10.471966666666667,-46.800000000000004,
15:41:52,20,21,336.0,220.23529411764707,21.389901509654923,22.459396585137675,0.05420087282937125,0.05102694784386763,10.471966666666667,10.995565,-49.2,
15:41:52,20,21,334.5882352941176,223.05882352941177,21.625803486776302,22.707093661115117,0.0554216132084111,0.06152531510361037,10.471966666666667,10.995565,-49.2,
15:41:52,20,21,331.7647058823529,224.47058823529412,21.86729810218685,22.96066300729619,0.15845210119937825,0.12182988982818088,10.471966666666667,10.995565,-49.2,
15:41:52,19,20,328.94117647058823,227.2941176470588,20.99538357215546,22.10040376016364,0.14722128971220982,0.19800408948026949,9.948368333333333,10.471966666666667,-46.800000000000004,
15:41:52,19,20,326.11764705882354,230.11764705882354,21.21682683159988,22.333501927999873,0.120853297524949,0.18921475875118254,9.948368333333333,10.471966666666667,-46.800000000000004,
15:41:52,19,20,323.29411764705884,232.94117647058823,21.439311345418623,22.567696153072237,0.08911404766991105,0.1464888454847868,9.948368333333333,10.471966666666667,-46.800000000000004,
15:41:52,20,20,320.47058823529414,235.76470588235293,22.8103417534164,22.8103417534164,0.05761894589068284,0.04956205938901981,10.471966666666667,10.471966666666667,-48.0,
15:41:52,20,21,317.6470588235294,238.58823529411765,23.053479206324386,24.20615316664061,0.04931791131321184,0.03442487868892474,10.471966666666667,10.995565,-49.2,
15:41:52,20,21,314.8235294117647,241.41176470588235,23.296022441414152,24.46082356348486,0.06738486892300166,0.08642841883602426,10.471966666666667,10.995565,-49.2,
15:41:52,19,21,312.0,242.8235294117647,22.36678911135991,24.721187965187273,0.16504409924619345,0.1430707724234752,9.948368333333333,10.995565,-48.0,
15:41:53,19,20,309.1764705882353,245.64705882352942,22.589762232014905,23.778697086331473,0.10791344950712656,0.17944883571886372,9.948368333333333,10.471966666666667,-46.800000000000004,
15:41:53,19,20,306.3529411764706,248.47058823529412,22.81076432217999,24.011330865452624,0.056398205511642985,0.12231818597979682,9.948368333333333,10.471966666666667,-46.800000000000004,
15:41:53,20,20,303.52941176470586,252.7058823529412,24.265673568647117,24.265673568647117,0.06933805352946543,0.05151524399548357,10.471966666666667,10.471966666666667,-48.0,
15:41:53,20,21,300.70588235294116,255.52941176470588,24.536229929453153,25.76304142592581,0.07397686696981687,0.03320413830988489,10.471966666666667,10.995565,-49.2,
15:41:53,20,21,297.88235294117646,258.3529411764706,24.76574281667186,26.004029957505452,0.06640827661976978,0.05078279976805966,10.471966666666667,10.995565,-49.2,
15:41:53,20,21,296.47058823529414,259.7647058823529,24.988514577381306,26.237940306250373,0.14966277047028953,0.11865596484267726,10.471966666666667,10.995565,-49.2,
15:41:53,19,20,293.6470588235294,262.5882352941176,23.949334472646395,25.209825760680417,0.19312112796411007,0.22901089510788264,9.948368333333333,10.471966666666667,-46.800000000000004,
15:41:53,19,20,290.8235294117647,265.4117647058824,24.17180238332022,25.44400250875813,0.11474959562974973,0.24365977965636176,9.948368333333333,10.471966666666667,-46.800000000000004,
15:41:53,19,20,288.0,268.2352941176471,24.402574238332374,25.686920250876184,0.08667256691183134,0.1464888454847868,9.948368333333333,10.471966666666667,-46.800000000000004,
15:41:53,19,20,285.1764705882353,271.05882352941177,24.644171343832994,25.94123299350841,0.048829615161595896,0.09839167455061482,9.948368333333333,10.471966666666667,-46.800000000000004,
15:41:53,20,21,282.3529411764706,273.88235294117646,26.174158888111627,27.48286683251721,0.019531846064637648,0.035645619067964596,10.471966666666667,10.995565,-49.2,
15:41:53,20,21,279.52941176470586,276.70588235294116,26.42028490710539,27.74129915246066,0.04760887478255604,0.031739249855037066,10.471966666666667,10.995565,-49.2,
15:41:53,20,21,276.70588235294116,279.52941176470586,26.67384114554047,28.0075332028175,0.12524796288949247,0.1315958128604997,10.471966666666667,10.995565,-49.2,
15:41:53,19,20,273.88235294117646,282.3529411764706,25.609810252436187,26.957695002564407,0.11157567064424612,0.1555223242896817,9.948368333333333,10.471966666666667,-46.800000000000004,
15:41:53,19,20,271.05882352941177,285.1764705882353,25.83473305668047,27.194455849137334,0.0637226477858821,0.13721121860408303,9.948368333333333,10.471966666666667,-46.800000000000004,
15:41:53,20,20,268.2352941176471,288.0,27.417562169458726,27.417562169458726,0.04980620746482778,0.0678731650746176,10.471966666666667,10.471966666666667,-48.0,
15:41:53,20,21,265.4117647058824,290.8235294117647,27.640006860696797,29.022007203731643,0.07226783043916107,0.03320413830988489,10.471966666666667,10.995565,-49.2,
15:41:53,20,21,262.5882352941176,293.6470588235294,27.873007656705667,29.266658039540953,0.07837153233436034,0.05005035554063575,10.471966666666667,10.995565,-49.2,
15:41:53,20,21,259.7647058823529,296.47058823529414,28.127080714839796,29.533434750581783,0.1142612994781338,0.09204382457960758,10.471966666666667,10.995565,-49.2,
15:41:53,19,21,258.3529411764706,297.88235294117646,26.96120900201088,29.799231002222548,0.20606097598193251,0.1713919492171998,9.948368333333333,10.995565,-48.0,
15:41:53,19,20,255.52941176470588,300.70588235294116,27.172481649252276,28.60261226237082,0.15210425122836924,0.2309640797143464,9.948368333333333,10.471966666666667,-46.800000000000004,
15:41:53,19,20,252.7058823529412,303.52941176470586,27.383604868189398,28.82484722967305,0.09448530533768817,0.1811578722495195,9.948368333333333,10.471966666666667,-46.800000000000004,
15:41:53,19,20,249.88235294117646,306.3529411764706,27.616328778668688,29.069819767019673,0.06982634968108137,0.11792352061525335,9.948368333333333,10.471966666666667,-46.800000000000004,
15:41:53,20,20,247.05882352941177,309.1764705882353,29.306895199496363,29.306895199496363,0.04516739402447634,0.06640827661976978,10.471966666666667,10.471966666666667,-48.0,
15:41:53,20,21,244.23529411764707,312.0,29.53774882187636,31.014636262970185,0.03711050752281331,0.05102694784386763,10.471966666666667,10.995565,-49.2,
15:41:53,20,21,241.41176470588235,314.8235294117647,29.781138442850065,31.27019536499257,0.1167027802362135,0.07031464583269731,10.471966666666667,10.995565,-49.2,
15:41:53,19,21,238.58823529411765,317.6470588235294,28.522763244361578,31.525159375347005,0.13306070131534753,0.13379314554277144,9.948368333333333,10.995565,-48.0,
15:41:53,19,20,235.76470588235293,320.47058823529414,28.75392645921829,30.267291009703467,0.09887997070223165,0.11133152256843815,9.948368333333333,10.471966666666667,-46.800000000000004,
15:41:53,19,20,232.94117647058823,323.29411764705884,28.955270425796964,30.479232027154694,0.05078279976805966,0.08374279000213658,9.948368333333333,10.471966666666667,-46.800000000000004,
15:41:53,20,20,230.11764705882354,326.11764705882354,30.723343198336245,30.723343198336245,0.04248176519058866,0.07275612659077701,10.471966666666667,10.471966666666667,-48.0,
15:41:53,20,21,227.2941176470588,328.94117647058823,30.968021123487272,32.51642217966164,0.0429700613422046,0.031006805627613154,10.471966666666667,10.995565,-49.2,
15:41:53,20,21,224.47058823529412,330.3529411764706,31.201546229335754,32.761623540802546,0.07763908810693643,0.06616412854396181,10.471966666666667,10.995565,-49.2,
15:41:53,20,21,223.05882352941177,333.1764705882353,31.434339798122306,33.006056788028424,0.1440473647267062,0.14941862239448245,10.471966666666667,10.995565,-49.2,
15:41:53,19,20,220.23529411764707,336.0,30.092569249737988,31.676388683934725,0.12427137058626059,0.153080843531602,9.948368333333333,10.471966666666667,-46.800000000000004,
15:41:53,19,20,217.41176470588235,338.8235294117647,30.304736094927282,31.89972220518661,0.1408734397412026,0.14136173589281942,9.948368333333333,10.471966666666667,-46.800000000000004,
15:41:53,19,20,214.58823529411765,341.6470588235294,30.52568126002407,32.13229606318323,0.12305063020722073,0.15918454542680127,9.948368333333333,10.471966666666667,-46.800000000000004,
15:41:53,19,20,211.76470588235293,344.47058823529414,30.764223386859236,32.38339303879919,0.07715079195532049,0.13599047822504318,9.948368333333333,10.471966666666667,-46.800000000000004,
15:41:53,20,20,208.94117647058823,347.29411764705884,32.62107517266172,32.62107517266172,0.06201361125522631,0.11767937253944538,10.471966666666667,10.471966666666667,-48.0,
15:41:53,20,20,206.11764705882354,350.11764705882354,32.8565801723331,32.8565801723331,0.08252204962309584,0.1457564012573629,10.471966666666667,10.471966666666667,-48.0,
15:41:53,19,20,203.2941176470588,352.94117647058823,31.45625195467634,33.111844162817206,0.1745658742027043,0.17920468764305575,9.948368333333333,10.471966666666667,-46.800000000000004,
15:41:53,19,20,200.47058823529412,355.7647058823529,31.68704515658911,33.35478437535696,0.14307077242347432,0.12695699942014826,9.948368333333333,10.471966666666667,-46.800000000000004,
15:41:53,19,20,197.64705882352942,358.5882352941176,31.91990663598346,33.59990172208785,0.09399700918607223,0.0512710959196756,9.948368333333333,10.471966666666667,-46.800000000000004,
15:41:53,19,21,194.8235294117647,0.0,32.141077129475605,35.524348406262504,0.06250190740684225,0.06421094393749804,9.948368333333333,10.995565,-48.0,
15:41:54,20,21,192.0,2.823529411764706,34.077128538100276,35.780984965005295,0.06445509201330601,0.0893581957457199,10.471966666666667,10.995565,-49.2,
15:41:54,20,21,189.1764705882353,5.647058823529412,34.30060437202292,36.01563459062407,0.05468916898098719,0.09643848994415105,10.471966666666667,10.995565,-49.2,
15:41:54,20,21,187.76470588235293,7.0588235294117645,34.53587468062324,36.26266841465441,0.10547196874904685,0.13354899746696347,10.471966666666667,10.995565,-49.2,
15:41:54,19,20,184.94117647058823,9.882352941176471,33.03011387116916,34.768540917020175,0.18359935300759922,0.20313119907223776,9.948368333333333,10.471966666666667,-46.800000000000004,
15:41:54,19,20,182.11764705882354,12.705882352941176,33.24079117707126,34.990306502180275,0.1315958128604997,0.15088351084933027,9.948368333333333,10.471966666666667,-46.800000000000004,
15:41:54,19,20,179.2941176470588,15.529411764705882,33.46274913400823,35.22394645685076,0.10351878414258309,0.09741508224738293,9.948368333333333,10.471966666666667,-46.800000000000004,
15:41:54,19,21,176.47058823529412,18.352941176470587,33.68626067093423,37.23218284682204,0.07275612659077701,0.10376293221839017,9.948368333333333,10.995565,-48.0,
15:41:54,20,21,173.64705882352942,21.176470588235293,35.67608629539465,37.459890610164386,0.04541154210028431,0.07763908810693643,10.471966666666667,10.995565,-49.2,
15:41:54,20,21,170.8235294117647,24.0,35.92574766073549,37.72203504377227,0.025879696035644884,0.06225775933103428,10.471966666666667,10.995565,-49.2,
15:41:54,20,21,169.41176470588235,25.41176470588235,36.163432291311544,37.971603905877124,0.11621448408459756,0.1472212897122107,10.471966666666667,10.995565,-49.2,
15:41:54,19,20,166.58823529411765,28.235294117647058,34.57153798624212,36.391092617096966,0.1232947782830287,0.17529831843012822,9.948368333333333,10.471966666666667,-46.800000000000004,
15:41:54,19,20,163.76470588235293,31.058823529411764,34.79775346391239,36.629214172539356,0.1066927091280867,0.11133152256843815,9.948368333333333,10.471966666666667,-46.800000000000004,
15:41:54,19,20,160.94117647058823,33.88235294117647,35.01317452550619,36.855973184743355,0.09814752647480773,0.08642841883602426,9.948368333333333,10.471966666666667,-46.800000000000004,
15:41:54,20,21,158.11764705882354,36.705882352941174,37.09407476647757,38.94877850480145,0.060060426648762544,0.04419080172124357,10.471966666666667,10.995565,-49.2,
15:41:54,20,21,155.2941176470588,39.529411764705884,37.34565360780327,39.21293628819343,0.04663228247932416,0.03637806329538851,10.471966666666667,10.995565,-49.2,
15:41:54,20,21,152.47058823529412,42.35294117647059,37.59617384259566,39.475982534725446,0.06714072084719369,0.0778832361827444,10.471966666666667,10.995565,-49.2,
15:41:54,20,21,149.64705882352942,45.1764705882353,37.82322746699525,39.714388840345016,0.12549211096530044,0.14624469740897883,10.471966666666667,10.995565,-49.2,
15:41:54,19,20,146.8235294117647,46.588235294117645,36.16408318452671,38.06745598371233,0.11157567064424612,0.16455580309457662,9.948368333333333,10.471966666666667,-46.800000000000004,
15:41:54,19,20,144.0,50.8235294117647,36.38512559661518,38.30013220696335,0.09521774956511209,0.13135166478469174,9.948368333333333,10.471966666666667,-46.800000000000004,
15:41:54,19,20,142.58823529411765,53.64705882352941,36.60074589594804,38.52710094310319,0.07666249580370454,0.08227790154728876,9.948368333333333,10.471966666666667,-46.800000000000004,
15:41:54,20,21,138.35294117647058,56.470588235294116,38.76921224675366,40.707672859091346,0.05883968626972269,0.04516739402447545,10.471966666666667,10.995565,-49.2,
15:41:54,20,21,135.52941176470588,59.294117647058826,39.01065692789377,40.96118977428846,0.03271584215826984,0.06201361125522631,10.471966666666667,10.995565,-49.2,
15:41:54,20,21,132.7058823529412,60.705882352941174,39.29003917099989,41.25454112954989,0.07739494003112846,0.08496353038117643,10.471966666666667,10.995565,-49.2,
15:41:54,20,20,131.2941176470588,63.529411764705884,39.5225780750072,39.5225780750072,0.12475966673787653,0.1423383281960513,10.471966666666667,10.471966666666667,-48.0,
15:41:54,19,20,128.47058823529412,66.3529411764706,37.768388153171045,39.75619805596952,0.06274605548265022,0.043702505569627625,9.948368333333333,10.471966666666667,-46.800000000000004,
15:41:54,19,20,125.6470588235294,69.17647058823529,37.990685288639966,39.99019504067365,0.06738486892300166,0.04663228247932327,9.948368333333333,10.471966666666667,-46.800000000000004,
15:41:54,20,21,122.82352941176471,72.0,40.22104866305365,42.232101096206335,0.0737327188940089,0.043946653645435596,10.471966666666667,10.995565,-49.2,
15:41:54,20,21,120.0,74.82352941176471,40.454428959517855,42.47715040749375,0.05883968626972269,0.028077028717917507,10.471966666666667,10.995565,-49.2,
15:41:54,20,21,117.17647058823529,77.6470588235294,40.69037088405558,42.72488942825837,0.05835139011810675,0.06201361125522631,10.471966666666667,10.995565,-49.2,
15:41:54,20,21,114.3529411764706,80.47058823529412,40.925017014275426,42.9712678649892,0.13428144169438738,0.1630909146397288,10.471966666666667,10.995565,-49.2,
15:41:54,19,20,111.52941176470588,81.88235294117646,39.10945974660489,41.167852364847256,0.14038514358958665,0.18897061067537457,9.948368333333333,10.471966666666667,-46.800000000000004,
15:41:54,19,20,110.11764705882354,86.11764705882354,39.33027445842016,41.40028890360017,0.11792352061525335,0.1333048493911555,9.948368333333333,10.471966666666667,-46.800000000000004,
15:41:54,19,20,107.29411764705883,87.52941176470588,39.551286036096634,41.6329326695754,0.1084017456587425,0.1257362590411084,9.948368333333333,10.471966666666667,-46.800000000000004,
15:41:54,19,20,104.47058823529412,90.3529411764706,39.78222866631369,41.876030175067044,0.06860560930204151,0.08764915921506411,9.948368333333333,10.471966666666667,-46.800000000000004,
15:41:54,20,21,101.6470588235294,94.58823529411765,42.108434256544164,44.21385596937138,0.03906369212927707,0.06396679586169007,10.471966666666667,10.995565,-49.2,
15:41:54,20,21,98.82352941176471,96.0,42.34151994081279,44.458595937853424,0.05517746513260313,0.09961241492965467,10.471966666666667,10.995565,-49.2,
15:41:54,20,20,96.0,98.82352941176471,42.57786133951402,42.57786133951402,0.12768944364757218,0.1606494338816491,10.471966666666667,10.471966666666667,-48.0,
15:41:54,19,20,93.17647058823529,101.6470588235294,40.67992987777815,42.82097881871383,0.12378307443464465,0.15942869350260924,9.948368333333333,10.471966666666667,-46.800000000000004,
15:41:54,19,20,90.3529411764706,104.47058823529412,40.91192562175876,43.06518486500922,0.09521774956511209,0.10449537644581408,9.948368333333333,10.471966666666667,-46.800000000000004,
15:41:54,19,20,87.52941176470588,107.29411764705883,41.13520708653371,43.30021798582496,0.06201361125522631,0.04272591326639574,9.948368333333333,10.471966666666667,-46.800000000000004,
15:41:54,20,21,84.70588235294117,110.11764705882354,43.56255017228969,45.740677680904184,0.07104709006012122,0.03613391521958054,10.471966666666667,10.995565,-49.2,
15:41:54,20,21,81.88235294117646,112.94117647058823,43.799330992570795,45.98929754219934,0.04150517288735678,0.05151524399548357,10.471966666666667,10.995565,-49.2,
15:41:54,20,21,79.05882352941177,115.76470588235294,44.03133060645737,46.232897136780245,0.0927762688070306,0.09668263801995902,10.471966666666667,10.995565,-49.2,
15:41:54,20,20,77.6470588235294,117.17647058823529,44.25406990989103,44.25406990989103,0.16431165501876954,0.19434186834314993,10.471966666666667,10.471966666666667,-48.0,
15:41:55,19,20,74.82352941176471,120.0,42.26241594211849,44.48675362328262,0.12231818597979682,0.19727164525284557,9.948368333333333,10.471966666666667,-46.800000000000004,
15:41:55,19,20,72.0,122.82352941176471,42.47326165134764,44.70869647510278,0.08301034577471178,0.1184118167668693,9.948368333333333,10.471966666666667,-46.800000000000004,
15:41:55,19,20,69.17647058823529,125.6470588235294,42.68467661125979,44.9312385381682,0.06494338816492196,0.08349864192632861,9.948368333333333,10.471966666666667,-46.800000000000004,
15:41:55,20,21,66.3529411764706,128.47058823529412,45.16543525995409,47.4237070229518,0.03320413830988578,0.05859553819391472,10.471966666666667,10.995565,-49.2,
15:41:55,20,21,63.529411764705884,131.2941176470588,45.39956457047488,47.669542798998634,0.017334513382365913,0.052247688222907485,10.471966666666667,10.995565,-49.2,
15:41:55,20,21,60.705882352941174,134.11764705882354,45.63117469705203,47.91273343190464,0.060060426648762544,0.07446516312143281,10.471966666666667,10.995565,-49.2,
15:41:55,20,20,59.294117647058826,135.52941176470588,45.86791556991678,45.86791556991678,0.11133152256843815,0.17749565111239995,10.471966666666667,10.471966666666667,-48.0,
15:41:55,19,20,56.470588235294116,138.35294117647058,43.80325183148567,46.108686138405965,0.07495345927304875,0.12280648213141276,9.948368333333333,10.471966666666667,-46.800000000000004,
15:41:55,19,20,53.64705882352941,141.1764705882353,44.02295176071338,46.33994922180356,0.08398693807794366,0.08178960539567282,9.948368333333333,10.471966666666667,-46.800000000000004,
15:41:55,20,20,50.8235294117647,145.41176470588235,46.5871188670495,46.5871188670495,0.06640827661976978,0.06250190740684225,10.471966666666667,10.471966666666667,-48.0,
15:41:55,20,21,46.588235294117645,148.23529411764707,46.83014147113547,49.171648544692246,0.043946653645436484,0.03320413830988489,10.471966666666667,10.995565,-49.2,
15:41:55,20,21,45.1764705882353,149.64705882352942,47.06237827280664,49.41549718644696,0.05322428052613937,0.055909909360027044,10.471966666666667,10.995565,-49.2,
15:41:55,20,21,42.35294117647059,152.47058823529412,47.343845271703586,49.71103753528876,0.12622455519272435,0.14551225318155492,10.471966666666667,10.995565,-49.2,
15:41:55,19,20,39.529411764705884,155.2941176470588,45.19490134810446,47.573580366425745,0.11816766869106132,0.1911679433576463,9.948368333333333,10.471966666666667,-46.800000000000004,
15:41:55,19,20,36.705882352941174,158.11764705882354,45.4144731959285,47.80470862729316,0.09863582262642367,0.16577654347361648,9.948368333333333,10.471966666666667,-46.800000000000004,
15:41:55,19,20,33.88235294117647,160.94117647058823,45.63725419447798,48.03921494155577,0.05835139011810675,0.10889004181035755,9.948368333333333,10.471966666666667,-46.800000000000004,
15:41:55,20,20,31.058823529411764,163.76470588235293,48.282941618854935,48.282941618854935,0.027100436414684737,0.052247688222907485,10.471966666666667,10.471966666666667,-48.0,
15:41:55,20,21,28.235294117647058,166.58823529411765,48.51775502888074,50.94364278032478,0.02002014221625359,0.05737479781487487,10.471966666666667,10.995565,-49.2,
15:41:55,20,21,25.41176470588235,169.41176470588235,48.74791706161516,51.18531291469591,0.035889767143773454,0.07959227271340108,10.471966666666667,10.995565,-49.2,
15:41:55,20,21,24.0,170.8235294117647,48.98831062636253,51.43772615768065,0.11230811487167003,0.11890011291848523,10.471966666666667,10.995565,-49.2,
15:41:55,19,20,21.176470588235293,175.05882352941177,46.76205796592706,49.22321891150217,0.08935819574571902,0.12939848017822797,9.948368333333333,10.471966666666667,-46.800000000000004,
15:41:55,19,20,16.941176470588236,177.88235294117646,46.9971584980079,49.470693155797775,0.07397686696981687,0.07715079195532049,9.948368333333333,10.471966666666667,-46.800000000000004,
15:41:55,19,20,14.117647058823529,180.7058823529412,47.21945563347681,49.70469014050191,0.0654316843165379,0.07519760734885672,9.948368333333333,10.471966666666667,-46.800000000000004,
15:41:55,20,21,11.294117647058824,183.52941176470588,49.93750368299664,52.43437886714647,0.04345835749382054,0.060792870876186456,10.471966666666667,10.995565,-49.2,
15:41:55,20,21,9.882352941176471,184.94117647058823,50.17048200858382,52.679006109013,0.018066957609789824,0.05493331705679516,10.471966666666667,10.995565,-49.2,
15:41:55,20,21,7.0588235294117645,187.76470588235293,50.4132674248852,52.93393079612947,0.08838160344248713,0.0935087130344554,10.471966666666667,10.995565,-49.2,
15:41:55,19,20,4.235294117647059,190.58823529411765,48.11335709663223,50.64563904908654,0.14526810510574606,0.19067964720603037,9.948368333333333,10.471966666666667,-46.800000000000004,
15:41:55,19,20,1.411764705882353,193.41176470588235,48.320073366531744,50.863235122664996,0.08911404766991105,0.1738334299752804,9.948368333333333,10.471966666666667,-46.800000000000004,
15:41:55,19,20,360.0,196.23529411764707,48.537119164449955,51.09170438363153,0.08252204962309584,0.11792352061525335,9.948368333333333,10.471966666666667,-46.800000000000004,
15:41:55,19,20,357.1764705882353,199.05882352941177,48.76855751713679,51.335323702249255,0.048585467085787926,0.0952177495651112,9.948368333333333,10.471966666666667,-46.800000000000004,
15:41:55,20,21,354.3529411764706,201.88235294117646,51.571412932884776,54.149983579529014,-0.0026856288338876766,0.06616412854396181,10.471966666666667,10.995565,-49.2,
15:41:55,20,21,351.52941176470586,204.7058823529412,51.79267418191345,54.38230789100912,0.001953184606463765,0.04956205938901981,10.471966666666667,10.995565,-49.2,
15:41:55,20,21,350.11764705882354,206.11764705882354,52.0366954714082,54.638530244978625,0.08496353038117554,0.08423108615375252,10.471966666666667,10.995565,-49.2,
15:41:55,19,20,347.29411764705884,208.94117647058823,49.65845999424409,52.27206315183589,0.08545182653279149,0.12549211096530044,9.948368333333333,10.471966666666667,-46.800000000000004,
15:41:55,19,20,344.47058823529414,211.76470588235293,49.8855103729161,52.511063550437996,0.09009063997314293,0.10400708029419814,9.948368333333333,10.471966666666667,-46.800000000000004,
15:41:55,19,20,341.6470588235294,214.58823529411765,50.103360237424056,52.740379197288476,0.08569597460859946,0.08764915921506411,9.948368333333333,10.471966666666667,-46.800000000000004,
15:41:55,20,21,338.8235294117647,217.41176470588235,52.99026027341925,55.63977328709021,0.06591998046815384,0.04419080172124357,10.471966666666667,10.995565,-49.2,
15:41:55,20,21,336.0,220.23529411764707,53.22786001573555,55.88925301652233,0.06860560930204151,0.035157322916348654,10.471966666666667,10.995565,-49.2,
15:41:55,20,21,333.1764705882353,223.05882352941177,53.4684333438565,56.14185501104932,0.08960234382152699,0.08252204962309673,10.471966666666667,10.995565,-49.2,
15:41:55,19,21,331.7647058823529,224.47058823529412,51.02584282862197,56.39698417900324,0.12891018402661203,0.17603076265755213,9.948368333333333,10.995565,-48.0,
15:41:55,19,20,327.52941176470586,227.2941176470588,51.262067630801745,53.96007119031761,0.13647877437665912,0.19922482985930934,9.948368333333333,10.471966666666667,-46.800000000000004,
15:41:55,19,20,326.11764705882354,230.11764705882354,51.47844455916742,54.18783637807096,0.11377300332651785,0.19336527603991804,9.948368333333333,10.471966666666667,-46.800000000000004,
15:41:55,19,20,323.29411764705884,234.35294117647058,51.70604284162182,54.427413517496646,0.0820337534714799,0.09692678609576699,9.948368333333333,10.471966666666667,-46.800000000000004,
15:41:55,19,20,320.47058823529414,237.1764705882353,51.931902537615215,54.66516056591075,0.0720236823633531,0.04663228247932327,9.948368333333333,10.471966666666667,-46.800000000000004,
15:41:55,20,21,316.2352941176471,240.0,54.93004689030844,57.67654923482386,0.02832117679372459,0.06933805352946543,10.471966666666667,10.995565,-49.2,
15:41:56,20,21,314.8235294117647,241.41176470588235,55.16379420366037,57.9219839138434,0.08252204962309584,0.09595019379253511,10.471966666666667,10.995565,-49.2,
15:41:56,19,21,312.0,244.23529411764707,52.63896169534149,58.179905031693224,0.13379314554277144,0.17920468764305575,9.948368333333333,10.995565,-48.0,
15:41:56,19,20,309.1764705882353,247.05882352941177,52.849888048417405,55.63146110359727,0.0637226477858821,0.1250038148136845,9.948368333333333,10.471966666666667,-46.800000000000004,
15:41:56,19,20,306.3529411764706,249.88235294117646,53.07200729304788,55.86527083478725,0.056642353587450955,0.0786156804101692,9.948368333333333,10.471966666666667,-46.800000000000004,
15:41:56,20,20,303.52941176470586,252.7058823529412,56.11869225069215,56.11869225069215,0.0720236823633531,0.04516739402447545,10.471966666666667,10.471966666666667,-48.0,
15:41:56,20,21,300.70588235294116,255.52941176470588,56.36225664161238,59.180369473693005,0.05883968626972269,0.026123844111453742,10.471966666666667,10.995565,-49.2,
15:41:56,20,21,297.88235294117646,258.3529411764706,56.594905401014664,59.42465067106539,0.05371257667775531,0.04248176519058777,10.471966666666667,10.995565,-49.2,
15:41:56,20,21,296.47058823529414,261.1764705882353,56.827664015811905,59.6690472166025,0.13183996093630768,0.1308633686330758,10.471966666666667,10.995565,-49.2,
15:41:56,19,20,292.2352941176471,262.5882352941176,54.220705361916075,57.07442669675377,0.11645863216040553,0.20313119907223776,9.948368333333333,10.471966666666667,-46.800000000000004,
15:41:56,19,20,289.4117647058824,265.4117647058824,54.45125900416641,57.317114741227805,0.09936826685384759,0.1679738761558882,9.948368333333333,10.471966666666667,-46.800000000000004,
15:41:56,19,20,286.5882352941176,269.6470588235294,54.67213301292782,57.54961369781876,0.07275612659077701,0.12866603595080406,9.948368333333333,10.471966666666667,-46.800000000000004,
15:41:56,20,20,283.7647058823529,272.47058823529414,57.80393642730508,57.80393642730508,0.05005035554063575,0.05053865169225169,10.471966666666667,10.471966666666667,-48.0,
15:41:56,20,21,280.94117647058823,275.29411764705884,58.02645601994881,60.927778820946266,0.03271584215826984,0.024414807580797948,10.471966666666667,10.995565,-49.2,
15:41:56,20,21,279.52941176470586,278.11764705882354,58.2493925637507,61.161862191938255,0.056154057435835014,0.05932798242133863,10.471966666666667,10.995565,-49.2,
15:41:56,20,21,276.70588235294116,279.52941176470586,58.4723291075526,61.395945562930244,0.12353892635883668,0.1398968474379707,10.471966666666667,10.995565,-49.2,
15:41:56,19,20,273.88235294117646,282.3529411764706,55.789534153620004,58.72582542486317,0.11133152256843815,0.15527817621387374,9.948368333333333,10.471966666666667,-46.800000000000004,
15:41:56,19,20,271.05882352941177,285.1764705882353,56.01425772012524,58.96237654750024,0.07568590350047266,0.14526810510574695,9.948368333333333,10.471966666666667,-46.800000000000004,
15:41:56,20,20,268.2352941176471,288.0,59.19560953786666,59.19560953786666,0.04956205938901981,0.0737327188940089,10.471966666666667,10.471966666666667,-48.0,
15:41:56,20,21,265.4117647058824,290.8235294117647,59.448673923737914,62.42110761992481,0.07641834772789657,0.035157322916348654,10.471966666666667,10.995565,-49.2,
15:41:56,20,21,262.5882352941176,293.6470588235294,59.68347734690964,62.66765121425513,0.07641834772789657,0.05810724204229878,10.471966666666667,10.995565,-49.2,
15:41:56,20,21,259.7647058823529,296.47058823529414,59.925975641156,62.92227442321381,0.10376293221839106,0.08227790154728876,10.471966666666667,10.995565,-49.2,
15:41:56,19,21,258.3529411764706,299.29411764705884,57.172965113502926,63.19117196755586,0.1879940183721427,0.16577654347361648,9.948368333333333,10.995565,-48.0,
15:41:56,19,20,254.11764705882354,302.11764705882354,57.40367767156893,60.4249238648094,0.12207403790398885,0.19409772026734196,9.948368333333333,10.471966666666667,-46.800000000000004,
15:41:56,19,20,251.2941176470588,304.94117647058823,57.625208690493636,60.658114411045936,0.08935819574571902,0.1679738761558882,9.948368333333333,10.471966666666667,-46.800000000000004,
15:41:56,19,20,248.47058823529412,307.7647058823529,57.85090709879351,60.89569168294054,0.06274605548265022,0.11157567064424612,9.948368333333333,10.471966666666667,-46.800000000000004,
15:41:56,20,20,245.64705882352942,310.5882352941176,61.13516396039831,61.13516396039831,0.030030213324380384,0.048341319009979955,10.471966666666667,10.471966666666667,-48.0,
15:41:56,20,21,244.23529411764707,313.4117647058824,61.36724346911758,64.43560564257346,0.04199346903897272,0.04199346903897183,10.471966666666667,10.995565,-49.2,
15:41:56,20,21,241.41176470588235,314.8235294117647,61.611367123866735,64.69193548006008,0.1167027802362135,0.08911404766991193,10.471966666666667,10.995565,-49.2,
15:41:56,19,21,238.58823529411765,317.6470588235294,58.742220843219094,64.92561251092637,0.104251228370007,0.11352885525070988,9.948368333333333,10.995565,-48.0,
15:41:56,19,20,235.76470588235293,320.47058823529414,58.95524630818859,62.05815400861957,0.08374279000213569,0.10425122837000611,9.948368333333333,10.471966666666667,-46.800000000000004,
15:41:56,19,20,232.94117647058823,323.29411764705884,59.18001968412858,62.29475756224061,0.05517746513260313,0.09839167455061482,9.948368333333333,10.471966666666667,-46.800000000000004,
15:41:56,20,20,230.11764705882354,326.11764705882354,62.53737320202251,62.53737320202251,0.04174932096316475,0.05371257667775531,10.471966666666667,10.471966666666667,-48.0,
15:41:56,20,21,227.2941176470588,328.94117647058823,62.77002945156536,65.90853092414363,0.03955198828089301,0.0297860652485733,10.471966666666667,10.995565,-49.2,
15:41:56,20,21,224.47058823529412,331.7647058823529,63.006633005186394,66.15696465544572,0.06909390545365746,0.07568590350047266,10.471966666666667,10.995565,-49.2,
15:41:56,20,21,223.05882352941177,333.1764705882353,63.2455285418206,66.40780496891163,0.12549211096530044,0.11621448408459756,10.471966666666667,10.995565,-49.2,
15:41:56,19,20,220.23529411764707,336.0,60.308177290851695,63.482291885107045,0.1001007110812715,0.12524796288949247,9.948368333333333,10.471966666666667,-46.800000000000004,
15:41:56,19,20,217.41176470588235,338.8235294117647,60.53765647243786,63.72384891835564,0.09790337839899976,0.10889004181035755,9.948368333333333,10.471966666666667,-46.800000000000004,
15:41:56,19,20,214.58823529411765,341.6470588235294,60.76123442194354,63.95919412836162,0.06445509201330601,0.09839167455061482,9.948368333333333,10.471966666666667,-46.800000000000004,
15:41:56,20,21,211.76470588235293,344.47058823529414,64.19390267641951,67.40359781024048,0.04980620746482778,0.07544175542466469,10.471966666666667,10.995565,-49.2,
15:41:56,20,21,208.94117647058823,347.29411764705884,64.4347781068766,67.65651701222043,0.0554216132084111,0.08862575151829599,10.471966666666667,10.995565,-49.2,
15:41:56,20,21,206.11764705882354,350.11764705882354,64.67724893727423,67.91111138413795,0.07300027466658499,0.10669270912808582,10.471966666666667,10.995565,-49.2,
15:41:56,19,20,203.2941176470588,352.94117647058823,61.66541323180503,64.91096129663686,0.1391644032105468,0.15747550889614548,9.948368333333333,10.471966666666667,-46.800000000000004,
15:41:56,19,20,200.47058823529412,355.7647058823529,61.89719076302382,65.15493764528824,0.10718100527970265,0.09497360148930323,9.948368333333333,10.471966666666667,-46.800000000000004,
15:41:56,19,20,197.64705882352942,358.5882352941176,62.13961328201481,65.41011924422611,0.08301034577471178,0.0339365825373088,9.948368333333333,10.471966666666667,-46.800000000000004,
15:41:57,19,21,194.8235294117647,0.0,62.367640874359296,68.93265570323923,0.060548722800378485,0.060792870876186456,9.948368333333333,10.995565,-48.0,
15:41:57,20,21,192.0,2.823529411764706,65.88721373442186,69.18157442114297,0.05151524399548357,0.06714072084719369,10.471966666666667,10.995565,-49.2,
15:41:57,20,21,189.1764705882353,5.647058823529412,66.12933502492642,69.43580177617275,0.04492324594866837,0.06738486892300166,10.471966666666667,10.995565,-49.2,
15:41:57,20,20,187.76470588235293,7.0588235294117645,66.37203305625454,66.37203305625454,0.12207403790398885,0.1416058839686274,10.471966666666667,10.471966666666667,-48.0,
15:41:57,19,20,184.94117647058823,11.294117647058824,63.27614361753376,66.60646696582502,0.13769951475569897,0.14380321665089912,9.948368333333333,10.471966666666667,-46.800000000000004,
15:41:57,19,20,182.11764705882354,14.117647058823529,63.50111623121282,66.84328024338191,0.09009063997314293,0.08716086306344817,9.948368333333333,10.471966666666667,-46.800000000000004,
15:41:57,19,20,179.2941176470588,16.941176470588236,63.72164394580872,67.07541467979866,0.07934812463759222,0.0786156804101692,9.948368333333333,10.471966666666667,-46.800000000000004,
15:41:57,19,21,176.47058823529412,19.764705882352942,63.96231364707163,70.695188767816,0.04174932096316475,0.04687643055513213,9.948368333333333,10.995565,-48.0,
15:41:57,20,21,173.64705882352942,22.58823529411765,67.56151231895457,70.93958793490232,0.030030213324380384,0.06567583239234587,10.471966666666667,10.995565,-49.2,
15:41:57,20,21,169.41176470588235,25.41176470588235,67.88239493422255,71.27651468093367,0.0737327188940089,0.08862575151829599,10.471966666666667,10.995565,-49.2,
15:41:57,19,20,168.0,28.235294117647058,64.70892861163318,68.11466169645597,0.1367229224524671,0.1540574358348339,9.948368333333333,10.471966666666667,-46.800000000000004,
15:41:57,19,20,163.76470588235293,31.058823529411764,64.95004896968678,68.36847259967028,0.10596026490066279,0.10376293221839017,9.948368333333333,10.471966666666667,-46.800000000000004,
15:41:57,19,20,160.94117647058823,33.88235294117647,65.19491926661468,68.62623080696281,0.09302041688283857,0.061037018951994426,9.948368333333333,10.471966666666667,-46.800000000000004,
15:41:57,19,21,158.11764705882354,36.705882352941174,65.41791136229243,72.30400729516532,0.06860560930204151,0.03369243446150083,9.948368333333333,10.995565,-48.0,
15:41:57,20,21,155.2941176470588,39.529411764705884,69.14687796783547,72.60422186622723,0.04663228247932416,0.03369243446150083,10.471966666666667,10.995565,-49.2,
15:41:57,20,21,151.05882352941177,42.35294117647059,69.56727209394775,73.04563569864516,0.0942411572618802,0.07959227271340108,10.471966666666667,10.995565,-49.2,
15:41:57,19,20,148.23529411764707,46.588235294117645,66.3200717041071,69.81060179379693,0.10498367259743091,0.13183996093630768,9.948368333333333,10.471966666666667,-46.800000000000004,
15:41:57,19,20,144.0,49.411764705882355,66.67460102948226,70.18379055734974,0.05175939207129154,0.09863582262642279,9.948368333333333,10.471966666666667,-46.800000000000004,
15:41:57,19,20,141.1764705882353,55.05882352941177,66.889884522161,70.41040476016947,0.05175939207129154,0.061037018951994426,9.948368333333333,10.471966666666667,-46.800000000000004,
15:41:57,20,21,138.35294117647058,56.470588235294116,70.6257812554269,74.15707031819825,0.06591998046815384,0.05566576128421907,10.471966666666667,10.995565,-49.2,
15:41:57,20,21,135.52941176470588,59.294117647058826,70.8558284393393,74.39861986130629,0.05761894589068284,0.0720236823633531,10.471966666666667,10.995565,-49.2,
15:41:57,20,21,134.11764705882354,60.705882352941174,71.09795971669794,74.65285770253286,0.11938840907010118,0.15039521469771433,10.471966666666667,10.995565,-49.2,
15:41:57,19,20,131.2941176470588,63.529411764705884,67.75996758798836,71.32628167156669,0.16333506271553766,0.1845759453108311,9.948368333333333,10.471966666666667,-46.800000000000004,
15:41:57,19,20,128.47058823529412,67.76470588235294,67.98480263275235,71.5629501397393,0.10644856105227873,0.10376293221839017,9.948368333333333,10.471966666666667,-46.800000000000004,
15:41:57,19,20,125.6470588235294,69.17647058823529,68.20700963686312,71.7968522493296,0.10571611682485482,0.08642841883602426,9.948368333333333,10.471966666666667,-46.800000000000004,
15:41:57,19,20,122.82352941176471,72.0,68.42872803413766,72.03024003593437,0.07031464583269731,0.04419080172124357,9.948368333333333,10.471966666666667,-46.800000000000004,
15:41:57,20,21,120.0,74.82352941176471,72.25202559480266,75.86462687454278,0.040772728659932866,0.00805688650166303,10.471966666666667,10.995565,-49.2,
15:41:57,20,21,117.17647058823529,77.6470588235294,72.49591705519427,76.12071290795399,0.030030213324380384,0.04174932096316386,10.471966666666667,10.995565,-49.2,
15:41:57,20,21,114.3529411764706,80.47058823529412,72.73955884423368,76.37653678644539,0.12622455519272435,0.13135166478469174,10.471966666666667,10.995565,-49.2,
15:41:57,19,20,111.52941176470588,83.29411764705883,69.33336224454555,72.98248657320583,0.11279641102328597,0.14770958586382665,9.948368333333333,10.471966666666667,-46.800000000000004,
15:41:57,19,20,108.70588235294117,86.11764705882354,69.55773951688529,73.21867317566871,0.095950193792536,0.09595019379253511,9.948368333333333,10.471966666666667,-46.800000000000004,
15:41:57,19,20,105.88235294117646,88.94117647058823,69.77945791415982,73.45206096227349,0.07446516312143281,0.07446516312143281,9.948368333333333,10.471966666666667,-46.800000000000004,
15:41:57,19,21,103.05882352941177,91.76470588235294,70.00941384319299,77.378825826687,0.04638813440351619,0.04248176519058777,9.948368333333333,10.995565,-48.0,
15:41:57,20,21,101.6470588235294,94.58823529411765,73.8947956809802,77.5895354650292,0.02880947294534053,0.03686635944700445,10.471966666666667,10.995565,-49.2,
15:41:57,20,21,98.82352941176471,96.0,74.12766165445888,77.83404473718183,0.052491836298715455,0.08789330729087208,10.471966666666667,10.995565,-49.2,
15:41:57,20,20,96.0,98.82352941176471,74.36074484201397,74.36074484201397,0.1267128513443403,0.1481978820154426,10.471966666666667,10.471966666666667,-48.0,
15:41:57,19,20,93.17647058823529,101.6470588235294,70.87416729950073,74.6043866310534,0.11133152256843815,0.14844203009125057,9.948368333333333,10.471966666666667,-46.800000000000004,
15:41:57,19,20,90.3529411764706,104.47058823529412,71.10556770214203,74.84796600225478,0.1025421918393512,0.08447523422956049,9.948368333333333,10.471966666666667,-46.800000000000004,
15:41:57,19,20,87.52941176470588,107.29411764705883,71.32740469330886,75.08147862453565,0.06591998046815384,0.03247169408246098,9.948368333333333,10.471966666666667,-46.800000000000004,
15:41:57,20,21,84.70588235294117,110.11764705882354,75.32642869146056,79.0927501260336,0.060548722800378485,0.02514725180822186,10.471966666666667,10.995565,-49.2,
15:41:57,20,21,81.88235294117646,112.94117647058823,75.56045813344048,79.33848104011251,0.0612811670278024,0.03833124790185227,10.471966666666667,10.995565,-49.2,
15:41:57,20,21,80.47058823529412,115.76470588235294,75.79350137357923,79.58317644225818,0.07837153233436034,0.08594012268440832,10.471966666666667,10.995565,-49.2,
15:41:58,20,20,77.6470588235294,117.17647058823529,76.02608521842993,76.02608521842993,0.12817773979918812,0.1828669087801753,10.471966666666667,10.471966666666667,-48.0,
15:41:58,19,20,74.82352941176471,120.0,72.45839669405777,76.27199652006081,0.112552262947478,0.1779839472640159,9.948368333333333,10.471966666666667,-46.800000000000004,
15:41:58,19,20,72.0,122.82352941176471,72.67799937629381,76.503157238204,0.07470931119724078,0.10693685720389379,9.948368333333333,10.471966666666667,-46.800000000000004,
15:41:58,19,20,69.17647058823529,125.6470588235294,72.90854115915492,76.74583279911043,0.06714072084719369,0.07641834772789657,9.948368333333333,10.471966666666667,-46.800000000000004,
15:41:58,20,21,66.3529411764706,129.88235294117646,76.98041651149222,80.82943733706684,0.04126102481154881,0.04199346903897183,10.471966666666667,10.995565,-49.2,
15:41:58,20,21,63.529411764705884,131.2941176470588,77.21488287833847,81.0756270222554,0.03540147099215751,0.04028443250831604,10.471966666666667,10.995565,-49.2,
15:41:58,20,21,60.705882352941174,134.11764705882354,77.45921625702348,81.33217706987466,0.09350871303445452,0.11865596484267726,10.471966666666667,10.995565,-49.2,
15:41:58,19,20,57.88235294117647,136.94117647058823,73.8271836801204,77.71282492644252,0.11304055909909394,0.16846217230750415,9.948368333333333,10.471966666666667,-46.800000000000004,
15:41:58,19,20,55.05882352941177,139.76470588235293,74.04772088222771,77.94496934971336,0.09253212073122263,0.11377300332651785,9.948368333333333,10.471966666666667,-46.800000000000004,
15:41:58,19,20,52.23529411764706,142.58823529411765,74.31601821663908,78.22738759646217,0.08764915921506322,0.06567583239234587,9.948368333333333,10.471966666666667,-46.800000000000004,
15:41:58,20,21,49.411764705882355,145.41176470588235,78.45627131187337,82.37908487746704,0.060304574724570514,0.027344584490493595,10.471966666666667,10.995565,-49.2,
15:41:58,20,21,46.588235294117645,148.23529411764707,78.68824845533823,82.62266087810515,0.056398205511642985,0.03418073061311677,10.471966666666667,10.995565,-49.2,
15:41:58,20,21,43.76470588235294,151.05882352941177,78.91144715405993,82.85701951176293,0.07885982848597628,0.08301034577471267,10.471966666666667,10.995565,-49.2,
15:41:58,20,21,42.35294117647059,152.47058823529412,79.14388618952637,83.10108049900269,0.13476973784600332,0.12939848017822797,10.471966666666667,10.995565,-49.2,
15:41:58,19,20,39.529411764705884,155.2941176470588,75.41687550935644,79.38618474669099,0.11474959562974973,0.14673299356059477,9.948368333333333,10.471966666666667,-46.800000000000004,
15:41:58,19,20,36.705882352941174,158.11764705882354,75.63804837472642,79.61899828918571,0.09985656300546353,0.09082308420056773,9.948368333333333,10.471966666666667,-46.800000000000004,
15:41:58,19,20,33.88235294117647,160.94117647058823,75.85942996534685,79.85203154247036,0.07470931119724078,0.08374279000213658,9.948368333333333,10.471966666666667,-46.800000000000004,
15:41:58,19,21,31.058823529411764,163.76470588235293,76.07988415172954,84.08829300980636,0.05420087282937125,0.07568590350047266,9.948368333333333,10.995565,-48.0,
15:41:58,20,21,28.235294117647058,166.58823529411765,80.32210777095592,84.33821315950374,0.03857539597766113,0.08301034577471267,10.471966666666667,10.995565,-49.2,
15:41:58,20,21,25.41176470588235,169.41176470588235,80.54344142467674,84.57061349591058,0.07300027466658499,0.09985656300546264,10.471966666666667,10.995565,-49.2,
15:41:58,20,20,24.0,170.8235294117647,80.76596101732048,80.76596101732048,0.16821802423169707,0.15210425122837012,10.471966666666667,10.471966666666667,-48.0,
15:41:58,19,20,21.176470588235293,173.64705882352942,76.91749858172506,80.9657879807632,0.16479995117038548,0.1489303262428665,9.948368333333333,10.471966666666667,-46.800000000000004,
15:41:58,19,20,18.352941176470587,176.47058823529412,77.12747855554046,81.18681953214785,0.15039521469771344,0.10522782067323799,9.948368333333333,10.471966666666667,-46.800000000000004,
15:41:58,19,20,15.529411764705882,179.2941176470588,77.36047048821632,81.43207419812244,0.08764915921506322,0.07739494003112846,9.948368333333333,10.471966666666667,-46.800000000000004,
15:41:58,19,21,12.705882352941176,182.11764705882354,77.58158168476234,85.74806396736889,0.04589983825190025,0.06567583239234587,9.948368333333333,10.995565,-48.0,
15:41:58,20,21,9.882352941176471,184.94117647058823,81.89831797135183,85.99323386991942,0.048341319009979955,0.07324442274239296,10.471966666666667,10.995565,-49.2,
15:41:58,20,21,8.470588235294118,187.76470588235293,82.13243979173205,86.23906178131867,0.06396679586169007,0.09033478804895179,10.471966666666667,10.995565,-49.2,
15:41:58,20,21,5.647058823529412,189.1764705882353,82.35548119750187,86.47325525737698,0.13843195898312288,0.1225623340556048,10.471966666666667,10.995565,-49.2,
15:41:58,19,20,2.823529411764706,192.0,78.45794311124766,82.58730853815544,0.14624469740897794,0.14917447431867448,9.948368333333333,10.471966666666667,-46.800000000000004,
15:41:58,19,20,0.0,194.8235294117647,78.66865125156176,82.80910658059132,0.11377300332651785,0.10303048799096626,9.948368333333333,10.471966666666667,-46.800000000000004,
15:41:58,19,20,358.5882352941176,197.64705882352942,78.89064953042211,83.04278897939169,0.07812738425855237,0.08813745536668005,9.948368333333333,10.471966666666667,-46.800000000000004,
15:41:58,19,21,355.7647058823529,200.47058823529412,79.11034945964981,87.43775466592875,0.05468916898098719,0.0910672322763757,9.948368333333333,10.995565,-48.0,
15:41:58,20,21,352.94117647058823,203.2941176470588,83.49715838311067,87.6720163022662,0.036622211371197366,0.09863582262642279,10.471966666666667,10.995565,-49.2,
15:41:58,20,21,351.52941176470586,204.7058823529412,83.73392671982415,87.92062305581537,0.06836146122623354,0.10547196874904596,10.471966666666667,10.995565,-49.2,
15:41:58,20,20,348.70588235294116,207.52941176470588,83.97406312307876,83.97406312307876,0.15527817621387285,0.13892025513473882,10.471966666666667,10.471966666666667,-48.0,
15:41:58,19,20,345.88235294117646,210.35294117647058,79.9996352485172,84.2101423668602,0.1523483993041772,0.153080843531602,9.948368333333333,10.471966666666667,-46.800000000000004,
15:41:58,19,20,343.05882352941177,213.1764705882353,80.2201107818005,84.44222187557948,0.1025421918393512,0.08471938230536846,9.948368333333333,10.471966666666667,-46.800000000000004,
15:41:58,19,20,340.2352941176471,216.0,80.46336820179323,84.69828231767707,0.08178960539567193,0.05981627857295457,9.948368333333333,10.471966666666667,-46.800000000000004,
15:41:58,20,21,337.4117647058824,218.8235294117647,84.91107221772577,89.15662582861205,0.08374279000213569,0.08178960539567282,10.471966666666667,10.995565,-49.2,
15:41:58,20,21,334.5882352941176,221.64705882352942,85.13435580470721,89.39107359494257,0.05346842860194734,0.09155552842799164,10.471966666666667,10.995565,-49.2,
15:41:58,20,21,331.7647058823529,224.47058823529412,85.4327979588399,89.7044378567819,0.137455366679891,0.12451551866206856,10.471966666666667,10.995565,-49.2,
15:41:58,19,20,328.94117647058823,227.2941176470588,81.38538353305552,85.66882477163738,0.12646870326853232,0.12646870326853232,9.948368333333333,10.471966666666667,-46.800000000000004,
15:41:58,19,20,326.11764705882354,230.11764705882354,81.61867432233996,85.91439402351574,0.09814752647480773,0.11352885525070988,9.948368333333333,10.471966666666667,-46.800000000000004,
15:41:58,19,20,323.29411764705884,232.94117647058823,81.82745886972106,86.13416723128533,0.08569597460859946,0.11133152256843815,9.948368333333333,10.471966666666667,-46.800000000000004,
15:41:59,20,21,320.47058823529414,235.76470588235293,86.35778537787871,90.67567464677265,0.06469924008911399,0.04760887478255604,10.471966666666667,10.995565,-49.2,
15:41:59,20,21,319.05882352941177,238.58823529411765,86.58637947452134,90.91569844824741,0.05737479781487487,0.052491836298715455,10.471966666666667,10.995565,-49.2,
15:41:59,20,21,316.2352941176471,241.41176470588235,86.82453348723952,91.16576016160151,0.07715079195532049,0.08886989959410396,10.471966666666667,10.995565,-49.2,
15:41:59,19,21,313.4117647058824,242.8235294117647,82.7134216577264,91.42009762169761,0.15869624927518622,0.15771965697195345,9.948368333333333,10.995565,-48.0,
15:41:59,19,20,310.5882352941176,245.64705882352942,82.94929067822929,87.31504281918872,0.1398968474379707,0.17578661458174416,9.948368333333333,10.471966666666667,-46.800000000000004,
15:41:59,19,20,307.7647058823529,248.47058823529412,83.16967608015446,87.54702745279415,0.08935819574571902,0.12817773979918812,9.948368333333333,10.471966666666667,-46.800000000000004,
15:41:59,20,20,304.94117647058823,251.2941176470588,87.78288698578565,87.78288698578565,0.07690664387951252,0.060792870876186456,10.471966666666667,10.471966666666667,-48.0,
15:41:59,20,21,302.11764705882354,255.52941176470588,88.0778312442741,92.48172280648781,0.08056886501663207,0.052980132450331396,10.471966666666667,10.995565,-49.2,
15:41:59,20,21,299.29411764705884,258.3529411764706,88.27337384731318,92.68704253967883,0.07837153233436034,0.05932798242133863,10.471966666666667,10.995565,-49.2,
15:41:59,20,21,296.47058823529414,259.7647058823529,88.4996609806615,92.9246440296946,0.09546189764092006,0.10522782067323799,10.471966666666667,10.995565,-49.2,
15:41:59,19,21,295.05882352941177,262.5882352941176,84.28637040124856,93.15861991716947,0.15210425122836924,0.15088351084933027,9.948368333333333,10.995565,-48.0,
15:41:59,19,20,292.2352941176471,264.0,84.50726575691058,88.95501658622167,0.14355906857509027,0.21631519516586817,9.948368333333333,10.471966666666667,-46.800000000000004,
15:41:59,19,20,289.4117647058824,266.8235294117647,84.74829361172822,89.20873011760864,0.07690664387951252,0.15942869350260924,9.948368333333333,10.471966666666667,-46.800000000000004,
15:41:59,19,20,285.1764705882353,271.05882352941177,84.98959186062027,89.4627282743371,0.07324442274239296,0.09302041688283946,9.948368333333333,10.471966666666667,-46.800000000000004,
15:41:59,20,21,283.7647058823529,273.88235294117646,89.69495508915418,94.1797028436119,0.06176946317941834,0.07715079195532049,10.471966666666667,10.995565,-49.2,
15:41:59,20,21,280.94117647058823,276.70588235294116,89.90861384550851,94.40404453778393,0.040040284432508955,0.060792870876186456,10.471966666666667,10.995565,-49.2,
15:41:59,20,21,278.11764705882354,278.11764705882354,90.14296786024627,94.6501162532586,0.10693685720389468,0.09424115726187932,10.471966666666667,10.995565,-49.2,
15:41:59,19,21,276.70588235294116,280.94117647058823,85.84793887486633,94.88456401958912,0.17749565111239995,0.19849238563188543,9.948368333333333,10.995565,-48.0,
15:41:59,19,20,272.47058823529414,283.7647058823529,86.07977333115345,90.61028771700362,0.09887997070223165,0.18359935300759922,9.948368333333333,10.471966666666667,-46.800000000000004,
15:41:59,19,20,269.6470588235294,286.5882352941176,86.29313560277704,90.83487958187055,0.07007049775688934,0.13892025513473882,9.948368333333333,10.471966666666667,-46.800000000000004,
15:41:59,20,20,268.2352941176471,289.4117647058824,91.034332038285,91.034332038285,0.04956205938901981,0.07885982848597717,10.471966666666667,10.471966666666667,-48.0,
15:41:59,20,21,265.4117647058824,290.8235294117647,91.26504834142128,95.82830075849236,0.08325449385051975,0.06469924008911399,10.471966666666667,10.995565,-49.2,
15:41:59,20,21,262.5882352941176,293.6470588235294,91.5135786955367,96.08925763031353,0.08520767845698352,0.0554216132084111,10.471966666666667,10.995565,-49.2,
15:41:59,20,21,259.7647058823529,296.47058823529414,91.74580551035376,96.33309578587146,0.09472945341349615,0.0637226477858821,10.471966666666667,10.995565,-49.2,
15:41:59,19,21,258.3529411764706,299.29411764705884,87.35978330132367,96.5555499646209,0.1721243934446246,0.1589403973509933,9.948368333333333,10.995565,-48.0,
15:41:59,19,20,255.52941176470588,300.70588235294116,87.59066426271673,92.20069922391234,0.1713919492172007,0.1928769798883021,9.948368333333333,10.471966666666667,-46.800000000000004,
15:41:59,19,20,252.7058823529412,303.52941176470586,87.79189200728096,92.41251790240102,0.1464888454847859,0.21753593554490802,9.948368333333333,10.471966666666667,-46.800000000000004,
15:41:59,19,20,249.88235294117646,306.3529411764706,88.02413442655754,92.65698360690267,0.11938840907010118,0.20191045869319701,9.948368333333333,10.471966666666667,-46.800000000000004,
15:41:59,19,20,247.05882352941177,309.1764705882353,88.24250136043588,92.88684353730092,0.09887997070223165,0.11474959562974973,9.948368333333333,10.471966666666667,-46.800000000000004,
15:41:59,20,21,244.23529411764707,312.0,93.11039926605628,97.76591922935908,0.08056886501663207,0.0869167149876402,10.471966666666667,10.995565,-49.2,
15:41:59,20,21,242.8235294117647,314.8235294117647,93.34423895780853,98.01145090569895,0.11133152256843815,0.10083315530869452,10.471966666666667,10.995565,-49.2,
15:41:59,19,21,240.0,317.6470588235294,88.90754981775643,98.26623927225711,0.19800408948026949,0.1728568376720485,9.948368333333333,10.995565,-48.0,
15:41:59,19,20,237.1764705882353,320.47058823529414,89.12889108645349,93.81988535416156,0.11304055909909394,0.12646870326853232,9.948368333333333,10.471966666666667,-46.800000000000004,
15:41:59,19,20,232.94117647058823,323.29411764705884,89.39219561799935,94.09704801894667,0.0737327188940089,0.10400708029419814,9.948368333333333,10.471966666666667,-46.800000000000004,
15:41:59,20,21,230.11764705882354,326.11764705882354,94.34016549814648,99.0571737730538,0.05566576128421907,0.0512710959196756,10.471966666666667,10.995565,-49.2,
15:41:59,20,21,227.2941176470588,328.94117647058823,94.58514552563368,99.31440280191536,0.04931791131321184,0.04052858058412401,10.471966666666667,10.995565,-49.2,
15:41:59,20,21,224.47058823529412,331.7647058823529,94.81826366717807,99.55917685053699,0.08496353038117554,0.08886989959410396,10.471966666666667,10.995565,-49.2,
15:41:59,20,21,223.05882352941177,334.5882352941176,95.06630466544316,99.81961989871533,0.14355906857509027,0.13599047822504318,10.471966666666667,10.995565,-49.2,
15:41:59,19,20,220.23529411764707,337.4117647058824,90.5382490430694,95.30342004533621,0.14551225318155403,0.1572313608203375,9.948368333333333,10.471966666666667,-46.800000000000004,
15:41:59,19,20,217.41176470588235,340.2352941176471,90.76339006007551,95.54041058955316,0.1381878109073149,0.12134159367656494,9.948368333333333,10.471966666666667,-46.800000000000004,
15:41:59,19,20,214.58823529411765,343.05882352941177,90.99602383919665,95.78528825178594,0.09863582262642367,0.11621448408459756,9.948368333333333,10.471966666666667,-46.800000000000004,
15:41:59,19,21,211.76470588235293,345.88235294117646,91.2369141250992,100.84079982247809,0.08008056886501613,0.11181981872005409,9.948368333333333,10.995565,-48.0,
15:41:59,20,21,207.52941176470588,348.70588235294116,96.2812304323589,101.09529195397687,0.060548722800378485,0.10547196874904596,10.471966666666667,10.995565,-49.2,
15:41:59,20,20,206.11764705882354,350.11764705882354,96.51414883682156,96.51414883682156,0.10718100527970265,0.14868617816705854,10.471966666666667,10.471966666666667,-48.0,
15:41:59,19,20,203.2941176470588,352.94117647058823,91.909683044808,96.74703478400842,0.20020142216254122,0.18164616840113545,9.948368333333333,10.471966666666667,-46.800000000000004,
15:42:00,19,20,200.47058823529412,355.7647058823529,92.13577755670815,96.9850290070612,0.15552232428968082,0.07910397656178514,9.948368333333333,10.471966666666667,-46.800000000000004,
15:42:00,19,20,197.64705882352942,358.5882352941176,92.3462769717718,97.20660733870714,0.11743522446363741,0.06518753624072993,9.948368333333333,10.471966666666667,-46.800000000000004,
15:42:00,19,21,194.8235294117647,0.0,92.56671218313173,102.31057662346139,0.08960234382152699,0.08325449385052064,9.948368333333333,10.995565,-48.0,
15:42:00,20,21,192.0,2.823529411764706,97.67133061340165,102.55489714407176,0.07763908810693643,0.09204382457960758,10.471966666666667,10.995565,-49.2,
15:42:00,20,21,189.1764705882353,5.647058823529412,97.92540367153578,102.82167385511258,0.06274605548265022,0.09131138035218367,10.471966666666667,10.995565,-49.2,
15:42:00,20,20,187.76470588235293,7.0588235294117645,98.1582072271764,98.1582072271764,0.15601062044129677,0.17163609729300777,10.471966666666667,10.471966666666667,-48.0,
15:42:00,19,20,184.94117647058823,9.882352941176471,93.48139841185032,98.40147201247403,0.23316141239661903,0.18311105685598328,9.948368333333333,10.471966666666667,-46.800000000000004,
15:42:00,19,20,180.7058823529412,9.882352941176471,93.80577405417118,98.74292005702229,0.15356913968321706,0.18311105685598328,9.948368333333333,10.471966666666667,-46.800000000000004,
15:42:00,19,20,177.88235294117646,16.941176470588236,94.01730760797562,98.96558695576381,0.09887997070223165,0.09326456495864743,9.948368333333333,10.471966666666667,-46.800000000000004,
15:42:00,20,21,175.05882352941177,19.764705882352942,99.22283084007081,104.18397238207437,0.06616412854396181,0.08764915921506411,10.471966666666667,10.995565,-49.2,
15:42:00,20,21,172.23529411764707,22.58823529411765,99.44539038013089,104.41765989913745,0.04614398632770822,0.07129123813592919,10.471966666666667,10.995565,-49.2,
15:42:00,20,21,169.41176470588235,25.41176470588235,99.68511482565438,104.6693705669371,0.10058900723288744,0.11597033600878959,10.471966666666667,10.995565,-49.2,
15:42:00,20,20,168.0,28.235294117647058,99.91141444257035,99.91141444257035,0.19165623950926225,0.18848231452375863,10.471966666666667,10.471966666666667,-48.0,
15:42:00,19,20,165.1764705882353,31.058823529411764,95.14845615266236,100.15626963438142,0.18482009338663907,0.13428144169438738,9.948368333333333,10.471966666666667,-46.800000000000004,
15:42:00,19,20,162.35294117647058,33.88235294117647,95.36928035198902,100.38871615998843,0.13379314554277144,0.09912411877803873,9.948368333333333,10.471966666666667,-46.800000000000004,
15:42:00,19,20,159.52941176470588,36.705882352941174,95.59554563909404,100.6268901464148,0.10644856105227873,0.06836146122623354,9.948368333333333,10.471966666666667,-46.800000000000004,
15:42:00,20,21,156.7058823529412,39.529411764705884,100.86799777122941,105.9113976597909,0.0861842707602154,0.04516739402447545,10.471966666666667,10.995565,-49.2,
15:42:00,20,21,153.88235294117646,42.35294117647059,101.11092550020157,106.16647177521166,0.060548722800378485,0.06982634968108137,10.471966666666667,10.995565,-49.2,
15:42:00,20,21,151.05882352941177,43.76470588235294,101.35990775946443,106.42790314743766,0.16504409924619345,0.1489303262428665,10.471966666666667,10.995565,-49.2,
15:42:00,19,20,148.23529411764707,46.588235294117645,96.51771277053847,101.59759239004049,0.17188024536881663,0.16357921079134474,9.948368333333333,10.471966666666667,-46.800000000000004,
15:42:00,19,20,145.41176470588235,50.8235294117647,96.79234776255396,101.88668185531995,0.13110751670888376,0.14355906857509115,9.948368333333333,10.471966666666667,-46.800000000000004,
15:42:00,19,20,142.58823529411765,53.64705882352941,97.02796299212734,102.13469788644983,0.10644856105227873,0.09887997070223076,9.948368333333333,10.471966666666667,-46.800000000000004,
15:42:00,19,21,139.76470588235293,56.470588235294116,97.24731425531172,107.48387365060769,0.0803247169408241,0.0720236823633531,9.948368333333333,10.995565,-48.0,
15:42:00,20,21,136.94117647058823,59.294117647058826,102.62030616975544,107.75132147824323,0.052980132450331396,0.06201361125522631,10.471966666666667,10.995565,-49.2,
15:42:00,20,21,134.11764705882354,62.11764705882353,102.88768421424803,108.03206842496044,0.08911404766991105,0.12524796288949247,10.471966666666667,10.995565,-49.2,
15:42:00,20,20,131.2941176470588,64.94117647058823,103.12547121007849,103.12547121007849,0.1679738761558891,0.15161595507675418,10.471966666666667,10.471966666666667,-48.0,
15:42:00,19,20,128.47058823529412,67.76470588235294,98.19370537519583,103.36179513178507,0.11108737449263018,0.09009063997314382,9.948368333333333,10.471966666666667,-46.800000000000004,
15:42:00,19,20,125.6470588235294,70.58823529411765,98.40934702142928,103.58878633834661,0.10937833796197438,0.08984649189733585,9.948368333333333,10.471966666666667,-46.800000000000004,
15:42:00,19,21,122.82352941176471,72.0,98.63552217717617,109.01820872214209,0.09961241492965556,0.05175939207129154,9.948368333333333,10.995565,-48.0,
15:42:00,20,21,120.0,76.23529411764706,104.05405389658891,109.25675659141835,0.0761741996520886,0.0297860652485733,10.471966666666667,10.995565,-49.2,
15:42:00,20,21,117.17647058823529,77.6470588235294,104.28194392001835,109.49604111601927,0.0512710959196756,0.06665242469557775,10.471966666666667,10.995565,-49.2,
15:42:00,20,21,115.76470588235294,80.47058823529412,104.50984642701539,109.73533874836619,0.1274452955717642,0.14917447431867448,10.471966666666667,10.995565,-49.2,
15:42:00,19,20,112.94117647058823,83.29411764705883,99.52029902625858,104.75820950132484,0.16602069154942534,0.16626483962523242,9.948368333333333,10.471966666666667,-46.800000000000004,
15:42:00,19,20,110.11764705882354,86.11764705882354,99.73744444304633,104.98678362425929,0.11401715140232582,0.11987670522171712,9.948368333333333,10.471966666666667,-46.800000000000004,
15:42:00,19,20,107.29411764705883,88.94117647058823,99.96406551182825,105.22533211771392,0.10229804376354323,0.09839167455061482,9.948368333333333,10.471966666666667,-46.800000000000004,
15:42:00,19,21,104.47058823529412,91.76470588235294,100.18498221439087,110.7307698159057,0.06640827661976978,0.05395672475356328,9.948368333333333,10.995565,-48.0,
15:42:00,20,21,100.23529411764706,94.58823529411765,105.71646063461657,111.00228366634741,0.03125095370342201,0.04980620746482778,10.471966666666667,10.995565,-49.2,
15:42:00,20,21,98.82352941176471,97.41176470588235,105.94800584664215,111.24540613897426,0.05786309396649081,0.08960234382152787,10.471966666666667,10.995565,-49.2,
15:42:00,20,20,96.0,98.82352941176471,106.16142491849838,106.16142491849838,0.14136173589281853,0.1489303262428665,10.471966666666667,10.471966666666667,-48.0,
15:42:00,19,20,93.17647058823529,101.6470588235294,101.0722068414102,106.39179667516865,0.13721121860408303,0.14380321665089912,9.948368333333333,10.471966666666667,-46.800000000000004,
15:42:00,19,20,90.3529411764706,104.47058823529412,101.30407450398715,106.63586789893384,0.11181981872005409,0.08130130924405687,9.948368333333333,10.471966666666667,-46.800000000000004,
15:42:00,19,20,88.94117647058823,107.29411764705883,101.5162128866423,106.85917145962347,0.08130130924405599,0.035401470992156625,9.948368333333333,10.471966666666667,-46.800000000000004,
15:42:00,20,21,84.70588235294117,110.11764705882354,107.10244623177513,112.45756854336393,0.0571306497390669,0.02880947294534142,10.471966666666667,10.995565,-49.2,
15:42:01,20,21,83.29411764705883,112.94117647058823,107.32445150143337,112.69067407650503,0.05761894589068284,0.043946653645435596,10.471966666666667,10.995565,-49.2,
15:42:01,20,21,80.47058823529412,115.76470588235294,107.55706780355985,112.93492119373785,0.08349864192632772,0.08642841883602426,10.471966666666667,10.995565,-49.2,
15:42:01,20,20,77.6470588235294,117.17647058823529,107.8034085399165,107.8034085399165,0.17163609729300866,0.16870632038331212,10.471966666666667,10.471966666666667,-48.0,
15:42:01,19,20,74.82352941176471,120.0,102.64516507244375,108.04754218151974,0.1589403973509942,0.1838435010834072,9.948368333333333,10.471966666666667,-46.800000000000004,
15:42:01,19,20,72.0,122.82352941176471,102.87642316241433,108.2909717499098,0.09717093417157585,0.1059602649006619,9.948368333333333,10.471966666666667,-46.800000000000004,
15:42:01,19,20,69.17647058823529,125.6470588235294,103.10913521350437,108.53593180368881,0.06738486892300166,0.08496353038117643,9.948368333333333,10.471966666666667,-46.800000000000004,
15:42:01,20,21,66.3529411764706,128.47058823529412,108.76743956501156,114.20581154326214,0.031983397930845925,0.05346842860194734,10.471966666666667,10.995565,-49.2,
15:42:01,20,21,63.529411764705884,131.2941176470588,109.00056519669651,114.45059345653135,0.02026429029206156,0.04736472670674807,10.471966666666667,10.995565,-49.2,
15:42:01,20,21,60.705882352941174,134.11764705882354,109.2347594217689,114.69649739285734,0.07593005157628063,0.11279641102328597,10.471966666666667,10.995565,-49.2,
15:42:01,20,20,59.294117647058826,136.94117647058823,109.45774090641419,109.45774090641419,0.1433149204992823,0.17725150303659198,10.471966666666667,10.471966666666667,-48.0,
15:42:01,19,20,56.470588235294116,139.76470588235293,104.20829186980627,109.69293881032239,0.09936826685384759,0.11572618793298162,9.948368333333333,10.471966666666667,-46.800000000000004,
15:42:01,19,20,53.64705882352941,141.1764705882353,104.44139528074088,109.93831082183252,0.11621448408459756,0.09131138035218367,9.948368333333333,10.471966666666667,-46.800000000000004,
15:42:01,19,20,50.8235294117647,145.41176470588235,104.6482301445327,110.15603173108705,0.14136173589281853,0.05566576128421907,9.948368333333333,10.471966666666667,-46.800000000000004,
15:42:01,19,21,48.0,148.23529411764707,104.87121275269907,115.910287779299,0.1645558030945775,0.052491836298715455,9.948368333333333,10.995565,-48.0,
15:42:01,19,21,45.1764705882353,149.64705882352942,105.0943945986045,116.15696245108917,0.13721121860408303,0.10010071108127061,9.948368333333333,10.995565,-48.0,
15:42:01,19,21,43.76470588235294,152.47058823529412,105.30720185081218,116.39217046668715,0.18164616840113545,0.20679342020935731,9.948368333333333,10.995565,-48.0,
15:42:01,19,20,40.94117647058823,153.88235294117646,105.51742138429003,111.07096987820002,0.22412793359172412,0.27442243720816695,9.948368333333333,10.471966666666667,-46.800000000000004,
15:42:01,19,20,38.11764705882353,156.7058823529412,105.73796570203086,111.30312179161143,0.1408734397412026,0.1994689779351173,9.948368333333333,10.471966666666667,-46.800000000000004,
15:42:01,19,20,35.294117647058826,159.52941176470588,105.95916940181284,111.53596779138195,0.08569597460859946,0.13892025513473882,9.948368333333333,10.471966666666667,-46.800000000000004,
15:42:01,19,20,32.470588235294116,163.76470588235293,106.19090661110826,111.77990169590343,0.04199346903897272,0.0737327188940089,9.948368333333333,10.471966666666667,-46.800000000000004,
15:42:01,20,21,29.647058823529413,166.58823529411765,112.02627488953587,117.62758863401268,0.017090365306557942,0.027832880642109536,10.471966666666667,10.995565,-49.2,
15:42:01,20,21,26.823529411764707,169.41176470588235,112.25929815596645,117.87226306376478,0.03491317484054157,0.05468916898098719,10.471966666666667,10.995565,-49.2,
15:42:01,20,21,24.0,170.8235294117647,112.49180709941149,118.11639745438207,0.12109744560075697,0.11059907834101423,10.471966666666667,10.995565,-49.2,
15:42:01,20,21,21.176470588235293,173.64705882352942,112.745355847706,118.38262364009131,0.11206396679586206,0.1308633686330758,10.471966666666667,10.995565,-49.2,
15:42:01,19,20,18.352941176470587,176.47058823529412,107.32950759598666,112.97842904840702,0.13354899746696347,0.12378307443464465,9.948368333333333,10.471966666666667,-46.800000000000004,
15:42:01,19,20,15.529411764705882,179.2941176470588,107.56054984507324,113.22163141586657,0.10791344950712656,0.11011078218939829,9.948368333333333,10.471966666666667,-46.800000000000004,
15:42:01,20,21,12.705882352941176,182.11764705882354,113.4673329935616,119.14069964323969,0.07226783043916107,0.07275612659077701,10.471966666666667,10.995565,-49.2,
15:42:01,20,21,9.882352941176471,184.94117647058823,113.7004611219601,119.38548417805809,0.0595721304971466,0.0637226477858821,10.471966666666667,10.995565,-49.2,
15:42:01,20,21,7.0588235294117645,187.76470588235293,113.9435461438841,119.64072345107833,0.07837153233436034,0.10327463606677423,10.471966666666667,10.995565,-49.2,
15:42:01,20,20,5.647058823529412,189.1764705882353,114.18838136198704,114.18838136198704,0.17481002227851228,0.19434186834314993,10.471966666666667,10.471966666666667,-48.0,
15:42:01,19,20,2.823529411764706,192.0,108.70855058185475,114.43005324405762,0.16821802423169707,0.2043519394512776,9.948368333333333,10.471966666666667,-46.800000000000004,
15:42:01,19,20,0.0,196.23529411764707,108.91996316988906,114.65259281040954,0.12720114749595623,0.1298867763298439,9.948368333333333,10.471966666666667,-46.800000000000004,
15:42:01,19,20,358.5882352941176,199.05882352941177,109.15008038661576,114.89482145959553,0.08496353038117554,0.10229804376354235,9.948368333333333,10.471966666666667,-46.800000000000004,
15:42:01,19,21,355.7647058823529,201.88235294117646,109.3641281309368,120.87614161840385,0.0512710959196756,0.06518753624072993,9.948368333333333,10.995565,-48.0,